ID	UPCEAN	Name	CategoryID	CategoryName	BrandID	BrandName
871403	8412497037902	Ящик 26л	3536	Хозяйственные товары (folder)/Хозяйственные товары	0	
871404	4811221000030	Ящик 40л б/н	1	Неклассифицированные/default	0	
871405	4605244020812	Ящик 600x400 x300 хоз	3536	Хозяйственные товары (folder)/Хозяйственные товары	0	
871507	8711295627064	Ящик 80x40 x 17см	3536	Хозяйственные товары (folder)/Хозяйственные товары	0	
871406	5996093388949	Ящик craft house	1	Неклассифицированные/default	0	
330467	3253924706214	Ящик curver pets кошка deco madrid s декоративный для аксессуаров	1	Неклассифицированные/default	315707	Curver Pets
330468	3253920035059	Ящик curver pets кошка оптима хобби для аксессуаров для животных 15л	1	Неклассифицированные/default	315707	Curver Pets
871479	4607097620058	Ящик darel с крышкой на колесах 56л 61x40 x 31см	3536	Хозяйственные товары (folder)/Хозяйственные товары	0	
1712972	4601532810776	Ящик Disney тачки 10л c81077	3536	Хозяйственные товары (folder)/Хозяйственные товары	145147	Полимербыт
278354	4607110960123	Ящик ekko plast тарный 0.13 куб.м. непищевой	3536	Хозяйственные товары (folder)/Хозяйственные товары	260754	Ekko Plast
1575220	5701922200428	Ящик plast Team (п) hobby Box jumbo 43x35 x 20см	3536	Хозяйственные товары (folder)/Хозяйственные товары	1575181	PLAST TEAM (П)
1575221	5701922221300	Ящик plast Team (п) hobby Box turn &stac 11.5л	3536	Хозяйственные товары (folder)/Хозяйственные товары	1575181	PLAST TEAM (П)
1575222	5706773221400	Ящик plast Team (п) hobby Box turn &stac 20л	3536	Хозяйственные товары (folder)/Хозяйственные товары	1575181	PLAST TEAM (П)
330475	5701922201128	Ящик plast Team (п) pirate на роликах с крышкой 30л	3536	Хозяйственные товары (folder)/Хозяйственные товары	310441	Пласт Тим
1575223	5706773228010	Ящик plast Team (п) pirate с крышкой и ручкой 4.5л	3536	Хозяйственные товары (folder)/Хозяйственные товары	1575181	PLAST TEAM (П)
1575224	5706773227204	Ящик plast Team (п) premium Maxi 55.0л	3536	Хозяйственные товары (folder)/Хозяйственные товары	1575181	PLAST TEAM (П)
1575227	5701922239909	Ящик plast Team (п) с крышкой bedroller 70x39.4x15.5см	3536	Хозяйственные товары (folder)/Хозяйственные товары	1575181	PLAST TEAM (П)
1575228	5701922239008	Ящик plast Team (п) с крышкой tagstore 1.5л	3536	Хозяйственные товары (folder)/Хозяйственные товары	1575181	PLAST TEAM (П)
1575229	5701922239404	Ящик plast Team (п) с крышкой tagstore 12.0л	3536	Хозяйственные товары (folder)/Хозяйственные товары	1575181	PLAST TEAM (П)
1575230	5701922239107	Ящик plast Team (п) с крышкой tagstore 3.0л	3536	Хозяйственные товары (folder)/Хозяйственные товары	1575181	PLAST TEAM (П)
1575231	5701922239800	Ящик plast Team (п) с крышкой tagstore 70.0л	3536	Хозяйственные товары (folder)/Хозяйственные товары	1575181	PLAST TEAM (П)
1575232	5701922239305	Ящик plast Team (п) с крышкой tagstore 8.0л	3536	Хозяйственные товары (folder)/Хозяйственные товары	1575181	PLAST TEAM (П)
1575257	4607126319014	Ящик plast Team (р) junior на роликах с крышкой 30л	3536	Хозяйственные товары (folder)/Хозяйственные товары	1575233	PLAST TEAM (Р)
1575258	4607126319045	Ящик plast Team (р) junior на роликах с крышкой 60л	3536	Хозяйственные товары (folder)/Хозяйственные товары	1575233	PLAST TEAM (Р)
1575259	4607126316013	Ящик plast Team (р) pirate на роликах с крышкой 60л	3536	Хозяйственные товары (folder)/Хозяйственные товары	1575233	PLAST TEAM (Р)
330512	4690290198110	Ящик plast Team (р) для хранения мелочей 8.5л	3536	Хозяйственные товары (folder)/Хозяйственные товары	309375	ООО Пи энд Си
1575260	4690290198011	Ящик plast Team (р) для хранения обуви 8.5л	3536	Хозяйственные товары (folder)/Хозяйственные товары	1575233	PLAST TEAM (Р)
1840783	5701922201234	Ящик plast Team pir.дет.на рол. 80л	3536	Хозяйственные товары (folder)/Хозяйственные товары	0	
1840790	5706773229000	Ящик plast Team pirat Премиум 4.5л	3536	Хозяйственные товары (folder)/Хозяйственные товары	0	
330507	4690231023174	Ящик plast-cent.ibox для хран.CD	3536	Хозяйственные товары (folder)/Хозяйственные товары	309375	ООО Пи энд Си
330508	4690231023198	Ящик plast-cent.ibox для хран.DVD	3536	Хозяйственные товары (folder)/Хозяйственные товары	309375	ООО Пи энд Си
1832927	3253561920653	Ящик stan.series2000 16inch 192065	1831951	Строительные и отделочные материалы (folder)/Товары для ремонта	0	
1832928	3253561929052	Ящик stanley jumbo16 192905	1831951	Строительные и отделочные материалы (folder)/Товары для ремонта	0	
1832929	3253561929069	Ящик stanley jumbo19 192906	1831951	Строительные и отделочные материалы (folder)/Товары для ремонта	0	
330470	5701922202415	Ящик twin двухсторон для мелочей	3536	Хозяйственные товары (folder)/Хозяйственные товары	310441	Пласт Тим
142754	8013183758639	Ящик абм фанни на колесиках 60л ab008630	3536	Хозяйственные товары (folder)/Хозяйственные товары	41308	АБМ
142755	8013183208646	Ящик абм фанни на колесиках 80л ab008640	3536	Хозяйственные товары (folder)/Хозяйственные товары	41308	АБМ
673722	4607084493252	Ящик альтернатива универсальный 485x335 x245	1	Неклассифицированные/default	149661	АЛЬТЕРНАТИВА
241561	4607084482652	Ящик альтернатива универсальный 600x400 x200	3536	Хозяйственные товары (folder)/Хозяйственные товары	149661	АЛЬТЕРНАТИВА
241562	4607084481952	Ящик альтернатива универсальный 650x415 x395	3536	Хозяйственные товары (folder)/Хозяйственные товары	149661	АЛЬТЕРНАТИВА
871407	4811221000535	Ящик балконный	3536	Хозяйственные товары (folder)/Хозяйственные товары	0	
2505986	4607016671123	Ящик балконный (мраморный) с поддоном 500x130 x 160мм	3536	Хозяйственные товары (folder)/Хозяйственные товары	0	
330471	4607002130542	Ящик балконный 100см	3536	Хозяйственные товары (folder)/Хозяйственные товары	309375	ООО Пи энд Си
330472	4607002130511	Ящик балконный 40см	3536	Хозяйственные товары (folder)/Хозяйственные товары	309375	ООО Пи энд Си
1822234	4607065070335	Ящик балконный 45см 7л	3536	Хозяйственные товары (folder)/Хозяйственные товары	0	
1346787	4605196006391	Ящик балконный 60см	3536	Хозяйственные товары (folder)/Хозяйственные товары	0	
1346788	4605196005264	Ящик балконный 60см ламела	3536	Хозяйственные товары (folder)/Хозяйственные товары	0	
1346791	5900791008719	Ящик балконный 80x20 x17	3536	Хозяйственные товары (folder)/Хозяйственные товары	0	
1346792	5900791008757	Ящик балконный 80x30 x32	3536	Хозяйственные товары (folder)/Хозяйственные товары	0	
330474	4607002130535	Ящик балконный 80см	3536	Хозяйственные товары (folder)/Хозяйственные товары	309375	ООО Пи энд Си
1346789	4605196006407	Ящик балконный 80см зелен	3536	Хозяйственные товары (folder)/Хозяйственные товары	0	
1346790	4605196005271	Ящик балконный 80см мраморн.	3536	Хозяйственные товары (folder)/Хозяйственные товары	0	
2505987	4690227002442	Ящик балконный c поддоном,25см, глина	3536	Хозяйственные товары (folder)/Хозяйственные товары	0	
608667	4690231021996	Ящик балконный ing1801 тзл 40см	3536	Хозяйственные товары (folder)/Хозяйственные товары	0	
608668	4690231022009	Ящик балконный ing1802 тзл 60см	3536	Хозяйственные товары (folder)/Хозяйственные товары	0	
608669	4690231022047	Ящик балконный ing1803 мр 80см	3536	Хозяйственные товары (folder)/Хозяйственные товары	0	
608670	4690231022085	Ящик балконный ing1804 тзл 100см	3536	Хозяйственные товары (folder)/Хозяйственные товары	0	
1822232	4606100147865	Ящик балконный ingreen 40см	3536	Хозяйственные товары (folder)/Хозяйственные товары	0	
1822233	4606100147872	Ящик балконный ingreen 60см	3536	Хозяйственные товары (folder)/Хозяйственные товары	0	
2505988	4690227021702	Ящик балконный без поддона,25см, глина	3536	Хозяйственные товары (folder)/Хозяйственные товары	0	
443661	8007633302176	Ящик балконный рондине 30217 с крючками / 50см	3536	Хозяйственные товары (folder)/Хозяйственные товары	0	
443662	8007633302183	Ящик балконный рондине 30218 с крючками / 60см	3536	Хозяйственные товары (folder)/Хозяйственные товары	0	
2765657	4605196014723	Ящик балконный ротанг 600 белый	1	Неклассифицированные/default	0	
2765658	4605196014716	Ящик балконный ротанг 600 коричневый	1	Неклассифицированные/default	0	
241536	4601532003024	Ящик детский 600x400 x170 на колесах у меня порядок с302	476072	Хозяйственные товары (folder)/Контейнер для игрушек	145147	Полимербыт
1980059	4607023592312	Ящик детский для мелочей	476072	Хозяйственные товары (folder)/Контейнер для игрушек	0	
1346793	070235910016	Ящик детский для мелочей (желтый) /12 (м-пластика) Россия акция	476072	Хозяйственные товары (folder)/Контейнер для игрушек	0	
1346794	6070235910010	Ящик детский для мелочей (малиновый) /12 (м-пластика) Россия акция	476072	Хозяйственные товары (folder)/Контейнер для игрушек	0	
871408	4607023591001	Ящик детский для мелочей (сиреневый) /12 (м-пластика) Россия	476072	Хозяйственные товары (folder)/Контейнер для игрушек	555296	М-Пластик
1980060	4607023592305	Ящик детский для мелочей м2905 малинов	476072	Хозяйственные товары (folder)/Контейнер для игрушек	0	
330477	4601532480023	Ящик детский пи энд си сюрприз	476072	Хозяйственные товары (folder)/Контейнер для игрушек	309375	ООО Пи энд Си
871409	4601532811551	Ящик детский полимербыт 15л Принцесса	476072	Хозяйственные товары (folder)/Контейнер для игрушек	145147	Полимербыт
871411	4601532809015	Ящик детский полимербыт 310x200 x180 6.5л Радуга	476072	Хозяйственные товары (folder)/Контейнер для игрушек	145147	Полимербыт
871413	5701922204693	Ящик детский полимербыт 415x270 x220 10л Радуга	476072	Хозяйственные товары (folder)/Контейнер для игрушек	145147	Полимербыт
871414	4601532811018	Ящик детский полимербыт 415x270 x220 15л Радуга	476072	Хозяйственные товары (folder)/Контейнер для игрушек	145147	Полимербыт
871417	4601532809558	Ящик детский полимербыт 6.5л Принцесса	476072	Хозяйственные товары (folder)/Контейнер для игрушек	145147	Полимербыт
330476	4601532810011	Ящик детский полимербыт Радуга	476072	Хозяйственные товары (folder)/Контейнер для игрушек	145147	Полимербыт
1712973	6948743231050	Ящик для белья 30x35 x 11см /макст/36	3536	Хозяйственные товары (folder)/Хозяйственные товары	0	
180159	8710968108510	Ящик для денег atlanta smead 70x110 x 150мм с ключевым замком синий а6771356	180158	Канцелярские товары (folder)/Ящик для денег	0	
180160	8710968111510	Ящик для денег atlanta smead 90x160 x 200мм с ключевым замком синий а6771366	180158	Канцелярские товары (folder)/Ящик для денег	0	
180161	8710968111817	Ящик для денег atlanta smead 90x180 x 250мм с ключевым замком синий а6771376	180158	Канцелярские товары (folder)/Ящик для денег	0	
1712974	4606224075976	Ящик для денег, ценностей, документов, печатей Brauberg 80x195 x 290мм код. замок, т-серый, 290457	180158	Канцелярские товары (folder)/Ящик для денег	175956	BRAUBERG
871419	4606224046846	Ящик для денег, ценностей, документов, печатей Brauberg 90x160 x 200мм с ключевым замком, крас,290347	180158	Канцелярские товары (folder)/Ящик для денег	175956	BRAUBERG
871420	4606224038780	Ящик для денег, ценностей, документов, печатей Brauberg 90x180 x 250мм с ключевым замком, син, 290335	180158	Канцелярские товары (folder)/Ящик для денег	175956	BRAUBERG
1712975	4606224075969	Ящик для денег, ценностей, документов, печатей Brauberg 90x240 x 300мм код. замок, светло-серый, 290456	180158	Канцелярские товары (folder)/Ящик для денег	175956	BRAUBERG
1712976	4606224075983	Ящик для денег, ценностей, документов, печатей Brauberg 90x240 x 300мм с ключ. зам., т-синий, 290458	180158	Канцелярские товары (folder)/Ящик для денег	175956	BRAUBERG
871421	4606224038797	Ящик для денег, ценностей, документов, печатей Brauberg 90x240 x 300мм с ключевым замком, син, 290336	180158	Канцелярские товары (folder)/Ящик для денег	175956	BRAUBERG
1712977	4606224076003	Ящик для денег, ценностей, документов, печатей Brauberg книга 54x115 x 180мм с ключ.зам, син,290460	180158	Канцелярские товары (folder)/Ящик для денег	175956	BRAUBERG
1712978	4606224075990	Ящик для денег, ценностей, документов, печатей Brauberg книга 55x155 x 235мм с ключ.зам, син,290459	180158	Канцелярские товары (folder)/Ящик для денег	175956	BRAUBERG
871422	4601532004809	Ящик для елочных игрушек	3536	Хозяйственные товары (folder)/Хозяйственные товары	145147	Полимербыт
871423	4605244025008	Ящик для игрушек 600x400 x170	476072	Хозяйственные товары (folder)/Контейнер для игрушек	0	
871423	4605244020782	Ящик для игрушек 600x400 x170	476072	Хозяйственные товары (folder)/Контейнер для игрушек	0	
1346795	460701681074	Ящик для игрушек 600x400 x180 на колесах	476072	Хозяйственные товары (folder)/Контейнер для игрушек	145147	Полимербыт
871424	4605244025015	Ящик для игрушек 600x400 x300	476072	Хозяйственные товары (folder)/Контейнер для игрушек	0	
871424	4605244020805	Ящик для игрушек 600x400 x300	476072	Хозяйственные товары (folder)/Контейнер для игрушек	0	
871425	4607016814261	Ящик для игрушек 600x400 x360 с апплик.бытпласт 130681614958	476072	Хозяйственные товары (folder)/Контейнер для игрушек	54486	Бытпласт
871426	3110142806006	Ящик для игрушек barbie (2806) prima-Baby	476072	Хозяйственные товары (folder)/Контейнер для игрушек	0	
871427	3110142706009	Ящик для игрушек barbie 10 (2706) prima-Baby	476072	Хозяйственные товары (folder)/Контейнер для игрушек	0	
871428	3110142207001	Ящик для игрушек barbie 30 (2207) prima-Baby	476072	Хозяйственные товары (folder)/Контейнер для игрушек	0	
871457	4690290198219	Ящик для игрушек combi, 8.5л, (в15*ш39*г20, см), двустворчатая крышка, pt1982, рт1988	476072	Хозяйственные товары (folder)/Контейнер для игрушек	1575233	PLAST TEAM (Р)
1837787	8412497034307	Ящик для игрушек Disney	476072	Хозяйственные товары (folder)/Контейнер для игрушек	0	
1837788	8412497034314	Ящик для игрушек Disney #2	476072	Хозяйственные товары (folder)/Контейнер для игрушек	0	
871429	3110142805009	Ящик для игрушек Hot wheels (2805) prima-Baby	476072	Хозяйственные товары (folder)/Контейнер для игрушек	0	
871430	3110142705002	Ящик для игрушек Hot wheels 10 (2705) prima-Baby	476072	Хозяйственные товары (folder)/Контейнер для игрушек	0	
2805257	4605196020168	Ящик для игрушек Idea звездные войны 24л (зеленый) м 2550-з	476072	Хозяйственные товары (folder)/Контейнер для игрушек	0	
2805258	4605196020182	Ящик для игрушек Idea звездные войны 24л (красный) м 2550-з	476072	Хозяйственные товары (folder)/Контейнер для игрушек	0	
2805259	4605196020175	Ящик для игрушек Idea звездные войны 24л (синий) м 2550-з	476072	Хозяйственные товары (folder)/Контейнер для игрушек	0	
2805260	4605196019223	Ящик для игрушек Idea секрет 50л (бирюзовый) м 2597	476072	Хозяйственные товары (folder)/Контейнер для игрушек	0	
2805261	4605196019230	Ящик для игрушек Idea секрет 50л (малиновый) м 2597	476072	Хозяйственные товары (folder)/Контейнер для игрушек	0	
871458	4607126319151	Ящик для игрушек jumbo, 30л, (в 16.8*ш 59.3*г 39.5, см) на колесах, с крышкой, pt9934	476072	Хозяйственные товары (folder)/Контейнер для игрушек	1575233	PLAST TEAM (Р)
330469	4607126319182	Ящик для игрушек jumbo, 60л, (в 39.3*ш 59.3*г 33.9, см) на колесах, с крышкой, pt9946	476072	Хозяйственные товары (folder)/Контейнер для игрушек	309375	ООО Пи энд Си
2810555	4690231101148	Ящик для игрушек Little Angel лего большой 57л красный La1019	476072	Хозяйственные товары (folder)/Контейнер для игрушек	0	
2810556	4690231101063	Ящик для игрушек Little Angel лего малый 17л красный La1017	476072	Хозяйственные товары (folder)/Контейнер для игрушек	0	
2810557	4690231101100	Ящик для игрушек Little Angel лего средний 30л красный La1018	476072	Хозяйственные товары (folder)/Контейнер для игрушек	0	
2810558	4690231101124	Ящик для игрушек Little Angel лего средний 30л фисташковый La1018	476072	Хозяйственные товары (folder)/Контейнер для игрушек	0	
1840791	5706773613434	Ящик для игрушек plast Team на колесах	476072	Хозяйственные товары (folder)/Контейнер для игрушек	0	
2850816	4607016817651	Ящик для игрушек Бытпласт 555x390 x190 Маша и медведь (коралловый) 431379212	476072	Хозяйственные товары (folder)/Контейнер для игрушек	0	
2505989	4607016817668	Ящик для игрушек Бытпласт 555x390 x290 Маша и медведь (зеленый) 431379309	476072	Хозяйственные товары (folder)/Контейнер для игрушек	0	
2850817	4607016817675	Ящик для игрушек Бытпласт на колес.580x390 x335 Маша и медведь (сиренев.) 431379403	476072	Хозяйственные товары (folder)/Контейнер для игрушек	0	
1346796	6051960030556	Ящик для игрушек моби (зеленый с желтым) /3 (м-пластика) Россия	476072	Хозяйственные товары (folder)/Контейнер для игрушек	0	
1346797	4605196008975	Ящик для игрушек моби зел/жел м2598	476072	Хозяйственные товары (folder)/Контейнер для игрушек	0	
871431	4001515840125	Ящик для игрушек на колесах 59.5x39, 5x 35см, зеленый (840g) prima-Baby	476072	Хозяйственные товары (folder)/Контейнер для игрушек	0	
871432	4001515082242	Ящик для игрушек на колесах 59.5x39, 5x 35см, красный (840r) prima-Baby	476072	Хозяйственные товары (folder)/Контейнер для игрушек	0	
1346798	4607016817828	Ящик для игрушек на колесах с аппликацей 13809	476072	Хозяйственные товары (folder)/Контейнер для игрушек	0	
170178	4607016810744	Ящик для игрушек на рол. 600x400 x180 (12069)/5шт	476072	Хозяйственные товары (folder)/Контейнер для игрушек	145147	Полимербыт
297048	4607016810720	Ящик для игрушек на рол. 600x400 x360 (12068)/5шт	476072	Хозяйственные товары (folder)/Контейнер для игрушек	0	
297049	4605196003055	Ящик для игрушек на рол. моби (м2598)/3шт	476072	Хозяйственные товары (folder)/Контейнер для игрушек	555296	М-Пластик
241537	4601532003000	Ящик для игрушек полимербыт 600x400 x170 на колесах	476072	Хозяйственные товары (folder)/Контейнер для игрушек	145147	Полимербыт
241538	4601532003017	Ящик для игрушек полимербыт на колесиках 600x400 x300 арт 30100 нужна обрешетка для регионов!!	476072	Хозяйственные товары (folder)/Контейнер для игрушек	145147	Полимербыт
2748052	4601532810226	Ящик для игрушек Полимербыт фиксики 10л арт 81022 /6	476072	Хозяйственные товары (folder)/Контейнер для игрушек	145147	Полимербыт
148961	833186000805	Ящик для игрушек с доской для рисования 3+	476072	Хозяйственные товары (folder)/Контейнер для игрушек	148956	Крайола Гр
170179	4605196003048	Ящик для игрушек секрет м2597	476072	Хозяйственные товары (folder)/Контейнер для игрушек	555296	М-Пластик
1346799	460519600304	Ящик для игрушек секрет м2597 #2	476072	Хозяйственные товары (folder)/Контейнер для игрушек	0	
871412	4601532008302	Ящик для игрушек улыбка, 15л, (в20*ш34*г 34см), пластиковый, салатовый, 4383000	476072	Хозяйственные товары (folder)/Контейнер для игрушек	145147	Полимербыт
2505990	4607016816906	Ящик для инструментов 15inch volf	344013	Инструменты (folder)/Ящик для инструментов	0	
170180	4607002132843	Ящик для инструментов 16	344013	Инструменты (folder)/Ящик для инструментов	0	
1782863	4034229052126	Ящик для инструментов 16 #2	344013	Инструменты (folder)/Ящик для инструментов	0	
176826	3253922925006	Ящик для инструментов 16 premium, 414x223 x 205мм арт. 2925	344013	Инструменты (folder)/Ящик для инструментов	0	
545761	4607023590950	Ящик для инструментов 16 титан, 3 бокса для мелочей и сверел, (в 21.5*ш41*г 19.7см), м2935	344013	Инструменты (folder)/Ящик для инструментов	0	
1821906	4606800030092	Ящик для инструментов 16д а	344013	Инструменты (folder)/Ящик для инструментов	0	
545753	4607023590967	Ящик для инструментов 18 титан, 3 бокса для мелочей и сверел, (в 23.5*ш43*г 25см), м2936	344013	Инструменты (folder)/Ящик для инструментов	0	
2765659	4607023592381	Ящик для инструментов 18inch м2944	344013	Инструменты (folder)/Ящик для инструментов	0	
1346804	4605196002584	Ящик для инструментов 19inch	344013	Инструменты (folder)/Ящик для инструментов	0	
1821907	4606800030115	Ящик для инструментов 19д а	344013	Инструменты (folder)/Ящик для инструментов	0	
545747	4690231007242	Ящик для инструментов 20 пц3731 Эксперт	344013	Инструменты (folder)/Ящик для инструментов	54493	Пластик-Центр
871433	4607023590899	Ящик для инструментов 21 уран, 3 бокса для мелочей, 2 выдвижные консоли, (в28*ш53*г*29см), м2927	344013	Инструменты (folder)/Ящик для инструментов	0	
330478	4607002132898	Ящик для инструментов 24	344013	Инструменты (folder)/Ящик для инструментов	309375	ООО Пи энд Си
176827	3253922935012	Ящик для инструментов 26 premium, 580x290 x 300мм, арт. 2935	344013	Инструменты (folder)/Ящик для инструментов	736569	Rubbermaid
1980063	4606800042309	Ящик для инструментов 410x215 x197 (16inch) сбртех 90804	344013	Инструменты (folder)/Ящик для инструментов	0	
1980064	4606800042316	Ящик для инструментов 430x235 x250 (18inch) сбртех 90805	344013	Инструменты (folder)/Ящик для инструментов	0	
142756	4605196025811	Ящик для инструментов 47x26 x25 м2330	344013	Инструменты (folder)/Ящик для инструментов	0	
1346800	5903874173717	Ящик для инструментов 495x200 x240	344013	Инструменты (folder)/Ящик для инструментов	0	
545748	4607043838148	Ящик для инструментов ataka а-28	344013	Инструменты (folder)/Ящик для инструментов	0	
1831960	4607043838155	Ящик для инструментов ataka а-42	344013	Инструменты (folder)/Ящик для инструментов	0	
1831961	4607135610119	Ящик для инструментов ataka м-60	344013	Инструменты (folder)/Ящик для инструментов	0	
344014	4606006025861	Ящик для инструментов biber 65400 12inch	344013	Инструменты (folder)/Ящик для инструментов	343624	BIBER
344015	4607128310019	Ящик для инструментов biber 65401 16inch	344013	Инструменты (folder)/Ящик для инструментов	343624	BIBER
344016	4607128310026	Ящик для инструментов biber 65402 18inch	344013	Инструменты (folder)/Ящик для инструментов	343624	BIBER
344017	4607128310033	Ящик для инструментов biber 65403 20inch	344013	Инструменты (folder)/Ящик для инструментов	343624	BIBER
344018	4607128310040	Ящик для инструментов biber 65404 22.5 ''	344013	Инструменты (folder)/Ящик для инструментов	343624	BIBER
2765660	4690645011927	Ящик для инструментов borg 16-3 оранжевый	344013	Инструменты (folder)/Ящик для инструментов	0	
2765661	4690645011224	Ящик для инструментов borg 19-3 оранжевый	344013	Инструменты (folder)/Ящик для инструментов	0	
2765662	4690645010838	Ящик для инструментов borg 24-3 оранжевый	344013	Инструменты (folder)/Ящик для инструментов	0	
871434	4893982021783	Ящик для инструментов budget [169] шт.	344013	Инструменты (folder)/Ящик для инструментов	675101	Budget
297050	4690231007228	Ящик для инструментов expert 16 (41x17.5x 21см)	344013	Инструменты (folder)/Ящик для инструментов	54493	Пластик-Центр
1346801	8404880655534	Ящик для инструментов fit 19inch, черный	344013	Инструменты (folder)/Ящик для инструментов	0	
1832144	8404880655008	Ящик для инструментов fit пластик.13inch	344013	Инструменты (folder)/Ящик для инструментов	0	
297051	4690231007297	Ящик для инструментов Grand 19 1/2 (49x29 x 27см)	344013	Инструменты (folder)/Ящик для инструментов	54493	Пластик-Центр
1712979	4690231094730	Ящик для инструментов Grand solid 16.5inch	344013	Инструменты (folder)/Ящик для инструментов	0	
1712980	4690231094792	Ящик для инструментов Grand solid 19.5inch	344013	Инструменты (folder)/Ящик для инструментов	0	
1508506	4719152303025	Ящик для инструментов jonnesway c-3dh2 портативный с 3 секциями: 470x220 x 350mm	344013	Инструменты (folder)/Ящик для инструментов	610818	Jonnesway
241556	4607177049168	Ящик для инструментов master economy 19 (48.5x25 x24.5см)	344013	Инструменты (folder)/Ящик для инструментов	0	
330481	4690231038314	Ящик для инструментов master economy 19 + блок для мелочей 11x9	344013	Инструменты (folder)/Ящик для инструментов	309375	ООО Пи энд Си
330482	4607002134007	Ящик для инструментов master tour 16	344013	Инструменты (folder)/Ящик для инструментов	309375	ООО Пи энд Си
330483	4607002134014	Ящик для инструментов master tour 19	344013	Инструменты (folder)/Ящик для инструментов	309375	ООО Пи энд Си
330484	4607002134021	Ящик для инструментов master tour 24	344013	Инструменты (folder)/Ящик для инструментов	309375	ООО Пи энд Си
1346802	6944312010736	Ящик для инструментов matrix 410x154 x95, металлический	344013	Инструменты (folder)/Ящик для инструментов	0	
241539	4823056600330	Ящик для инструментов maxtool пласт 14	344013	Инструменты (folder)/Ящик для инструментов	225652	MaxTool
241540	4823056609395	Ящик для инструментов maxtool пласт с металл замком 12.5	344013	Инструменты (folder)/Ящик для инструментов	225652	MaxTool
241541	4823056609401	Ящик для инструментов maxtool пласт с металл замком 16	344013	Инструменты (folder)/Ящик для инструментов	225652	MaxTool
241542	4823056612692	Ящик для инструментов maxtool пласт с металл замком 18.5	344013	Инструменты (folder)/Ящик для инструментов	225652	MaxTool
241543	4823056609388	Ящик для инструментов maxtool пласт с металл замком 19	344013	Инструменты (folder)/Ящик для инструментов	225652	MaxTool
241544	4823056612708	Ящик для инструментов maxtool пласт с металл замком 20	344013	Инструменты (folder)/Ящик для инструментов	225652	MaxTool
241545	4823056612715	Ящик для инструментов maxtool пласт с металл замком 21.5	344013	Инструменты (folder)/Ящик для инструментов	225652	MaxTool
241546	4823056601603	Ящик для инструментов maxtool пласт с поддоном 12.5	344013	Инструменты (folder)/Ящик для инструментов	225652	MaxTool
241547	4823056600378	Ящик для инструментов maxtool пласт с поддоном 13.5	344013	Инструменты (folder)/Ящик для инструментов	225652	MaxTool
241548	4823056600347	Ящик для инструментов maxtool пласт с поддоном 14	344013	Инструменты (folder)/Ящик для инструментов	225652	MaxTool
241549	4823056601610	Ящик для инструментов maxtool пласт с поддоном 16	344013	Инструменты (folder)/Ящик для инструментов	225652	MaxTool
241550	4823056600385	Ящик для инструментов maxtool пласт с поддоном 16.5	344013	Инструменты (folder)/Ящик для инструментов	225652	MaxTool
241550	4823056600354	Ящик для инструментов maxtool пласт с поддоном 16.5	344013	Инструменты (folder)/Ящик для инструментов	225652	MaxTool
241551	4823056600392	Ящик для инструментов maxtool пласт с поддоном 20	344013	Инструменты (folder)/Ящик для инструментов	225652	MaxTool
241552	4823056601627	Ящик для инструментов maxtool пласт с поддоном 20.5	344013	Инструменты (folder)/Ящик для инструментов	225652	MaxTool
241553	4823056600361	Ящик для инструментов maxtool пласт с поддоном 21	344013	Инструменты (folder)/Ящик для инструментов	225652	MaxTool
241554	4823056609364	Ящик для инструментов maxtool раздвижной 515x210 x 230мм	344013	Инструменты (folder)/Ящик для инструментов	225652	MaxTool
330485	5907558409574	Ящик для инструментов neo 16inch, лоток	344013	Инструменты (folder)/Ящик для инструментов	303259	Neo Tools
330486	5907558408683	Ящик для инструментов neo 20inch, лоток	344013	Инструменты (folder)/Ящик для инструментов	303259	Neo Tools
330487	5907558409437	Ящик для инструментов neo металлический, 450мм	344013	Инструменты (folder)/Ящик для инструментов	303259	Neo Tools
330488	5907558409444	Ящик для инструментов neo металлический, 550мм	344013	Инструменты (folder)/Ящик для инструментов	303259	Neo Tools
1575225	5701922161514	Ящик для инструментов plast Team (п) 32x15 x13.5см	344013	Инструменты (folder)/Ящик для инструментов	1575181	PLAST TEAM (П)
1575226	5701922123895	Ящик для инструментов plast Team (п) 40x20 x16.5см	344013	Инструменты (folder)/Ящик для инструментов	1575181	PLAST TEAM (П)
871435	3253561921209	Ящик для инструментов stanley jumbo 19inch vira	344013	Инструменты (folder)/Ящик для инструментов	0	
1346803	4606800033857	Ящик для инструментов stels 24inch, черный	344013	Инструменты (folder)/Ящик для инструментов	0	
330489	4690231048863	Ящик для инструментов techniker 11 br3746 чр	344013	Инструменты (folder)/Ящик для инструментов	309375	ООО Пи энд Си
330490	4690231048870	Ящик для инструментов techniker 15 br3747 чр	344013	Инструменты (folder)/Ящик для инструментов	309375	ООО Пи энд Си
330491	4690231048887	Ящик для инструментов techniker 18 br3748 чр	344013	Инструменты (folder)/Ящик для инструментов	309375	ООО Пи энд Си
330493	5902062791238	Ящик для инструментов topex 12inch с органайзером	344013	Инструменты (folder)/Ящик для инструментов	306818	TOPEX
330494	5902062791214	Ящик для инструментов topex 16inch basic	344013	Инструменты (folder)/Ящик для инструментов	306818	TOPEX
330495	5902062791245	Ящик для инструментов topex 16inch с органайзером	344013	Инструменты (folder)/Ящик для инструментов	306818	TOPEX
330496	5902062791221	Ящик для инструментов topex 18inch basic	344013	Инструменты (folder)/Ящик для инструментов	306818	TOPEX
330497	5902062791252	Ящик для инструментов topex 18inch с органайзером	344013	Инструменты (folder)/Ящик для инструментов	306818	TOPEX
330498	5902062791269	Ящик для инструментов topex 22inch с органайзерами	344013	Инструменты (folder)/Ящик для инструментов	306818	TOPEX
330500	5902062200396	Ящик для инструментов topex 400мм 5-секционный	344013	Инструменты (folder)/Ящик для инструментов	306818	TOPEX
330501	5902062200402	Ящик для инструментов topex 550мм, 5-секционный	344013	Инструменты (folder)/Ящик для инструментов	306818	TOPEX
330499	5902062791290	Ящик для инструментов topex 60x29 x 33см	344013	Инструменты (folder)/Ящик для инструментов	306818	TOPEX
330502	5902062200419	Ящик для инструментов topex 7-секционный	344013	Инструменты (folder)/Ящик для инструментов	306818	TOPEX
330492	5902062791207	Ящик для инструментов topex малый (79R120)	344013	Инструменты (folder)/Ящик для инструментов	306818	TOPEX
1980065	5902062791535	Ящик для инструментов topex малый с органайзером (79R123)	344013	Инструменты (folder)/Ящик для инструментов	0	
330503	5902062791160	Ящик для инструментов topex металлический, 520x220 x 300мм, 3 выдвижных ящика	344013	Инструменты (folder)/Ящик для инструментов	306818	TOPEX
1832877	4607110270048	Ящик для инструментов vira 16	344013	Инструменты (folder)/Ящик для инструментов	0	
1832930	4607110270024	Ящик для инструментов vira 19 с органайз	344013	Инструменты (folder)/Ящик для инструментов	0	
545749	4607135610010	Ящик для инструментов а-50 универсальный	344013	Инструменты (folder)/Ящик для инструментов	0	
545750	4607023590844	Ящик для инструментов атлант18 м2922 без секций	344013	Инструменты (folder)/Ящик для инструментов	0	
2850818	4607016816913	Ящик для инструментов Бытпласт 19 volf желтый/2	344013	Инструменты (folder)/Ящик для инструментов	0	
1980066	4607023592343	Ящик для инструментов гефест 18inch	344013	Инструменты (folder)/Ящик для инструментов	0	
1980067	4607023592350	Ящик для инструментов гефест 21inch	344013	Инструменты (folder)/Ящик для инструментов	0	
871436	7290103659127	Ящик для инструментов кетеr ex pose l51 хd 20.8 х н31 сm	344013	Инструменты (folder)/Ящик для инструментов	783628	КЕТЕR
871437	7290000235677	Ящик для инструментов кетеr falcon l 52.9xd 25.9xh 25.3 cm	344013	Инструменты (folder)/Ящик для инструментов	783628	КЕТЕR
871439	7290000229188	Ящик для инструментов кетеr hammer l 40.9xd 22.8xh 21.1 cm	344013	Инструменты (folder)/Ящик для инструментов	783628	КЕТЕR
871438	7290000229355	Ящик для инструментов кетеr hammer l 48.6 х d 26.2 хh 25.1 cm	344013	Инструменты (folder)/Ящик для инструментов	783628	КЕТЕR
871440	7290000237718	Ящик для инструментов кетеr Hawk l 54.5xd 27.9xh 24.4 cm	344013	Инструменты (folder)/Ящик для инструментов	783628	КЕТЕR
871441	7290103657574	Ящик для инструментов кетеr hobgreen l 39.7 х d 21.3 х h 20.6 cm	344013	Инструменты (folder)/Ящик для инструментов	783628	КЕТЕR
871442	7290005451911	Ящик для инструментов кетеr titan l 35.3xd 17.4 xh13.7 cm	344013	Инструменты (folder)/Ящик для инструментов	783628	КЕТЕR
871443	7290103656669	Ящик для инструментов кетеr рower l 41.9xd 32.7xh 20.5 cm	344013	Инструменты (folder)/Ящик для инструментов	783628	КЕТЕR
871444	7290005449338	Ящик для инструментов кетеr сlassic l 39.7xd 21.3xh 20.6 cm	344013	Инструменты (folder)/Ящик для инструментов	783628	КЕТЕR
545760	4607023590943	Ящик для инструментов м-пластик титан 13 324x165 x 137мм	344013	Инструменты (folder)/Ящик для инструментов	555296	М-Пластик
545751	4607023590905	Ящик для инструментов м2930 титан 13	344013	Инструменты (folder)/Ящик для инструментов	0	
545752	4607023590912	Ящик для инструментов м2931 титан 16	344013	Инструменты (folder)/Ящик для инструментов	0	
545769	4606373073755	Ящик для инструментов Мастер Зубр 38180-16	344013	Инструменты (folder)/Ящик для инструментов	0	
1980061	4034229020026	Ящик для инструментов пласт 16inch Мастер stayer 38110-16	344013	Инструменты (folder)/Ящик для инструментов	0	
1980062	4606800033840	Ящик для инструментов пласт 20inch стелс 500x260 x260 90705	344013	Инструменты (folder)/Ящик для инструментов	0	
1832931	4690232021667	Ящик для инструментов пласт 315x150 x18	344013	Инструменты (folder)/Ящик для инструментов	0	
170181	4607002132850	Ящик для инструментов пластик-центр 19	344013	Инструменты (folder)/Ящик для инструментов	54493	Пластик-Центр
871446	4607002134816	Ящик для инструментов пластик-центр 19 master economy	344013	Инструменты (folder)/Ящик для инструментов	54493	Пластик-Центр
2765663	8404880655213	Ящик для инструментов пластиковый 16inch (41x22 x 19см), без органайзеров	344013	Инструменты (folder)/Ящик для инструментов	0	
2765664	8404880654971	Ящик для инструментов пластиковый 32.5x14.5x11.5	344013	Инструменты (folder)/Ящик для инструментов	0	
871447	8711295869396	Ящик для инструментов пластм 30.5x15.5x 12см	344013	Инструменты (folder)/Ящик для инструментов	0	
871448	8013213002954	Ящик для инструментов пластм 40x23 x 20см	344013	Инструменты (folder)/Ящик для инструментов	0	
545755	4607145277715	Ящик для инструментов практик 19	344013	Инструменты (folder)/Ящик для инструментов	0	
871445	4607177049229	Ящик для инструментов пц3690 12 smart	344013	Инструменты (folder)/Ящик для инструментов	54493	Пластик-Центр
805241	4690231034385	Ящик для инструментов пц3691 12 smart tour	344013	Инструменты (folder)/Ящик для инструментов	54493	Пластик-Центр
545756	4607177048840	Ящик для инструментов пц3701 16 master	344013	Инструменты (folder)/Ящик для инструментов	54493	Пластик-Центр
805242	4607177048901	Ящик для инструментов пц3702 19 master	344013	Инструменты (folder)/Ящик для инструментов	54493	Пластик-Центр
805243	4607177048987	Ящик для инструментов пц3703 24 master	344013	Инструменты (folder)/Ящик для инструментов	54493	Пластик-Центр
805244	4690231034682	Ящик для инструментов пц3704 16 master tour	344013	Инструменты (folder)/Ящик для инструментов	54493	Пластик-Центр
545757	4607177049069	Ящик для инструментов пц3705	344013	Инструменты (folder)/Ящик для инструментов	0	
805245	4607177049045	Ящик для инструментов пц3705 19 master tour	344013	Инструменты (folder)/Ящик для инструментов	54493	Пластик-Центр
805246	4607177049083	Ящик для инструментов пц3706 24 master tour	344013	Инструменты (folder)/Ящик для инструментов	54493	Пластик-Центр
805247	4690231007167	Ящик для инструментов пц3707 12 master economy	344013	Инструменты (folder)/Ящик для инструментов	54493	Пластик-Центр
241555	4607177049106	Ящик для инструментов пц3708 16 master economy	344013	Инструменты (folder)/Ящик для инструментов	54493	Пластик-Центр
805248	4690231007266	Ящик для инструментов пц3732-1 22 expert	344013	Инструменты (folder)/Ящик для инструментов	54493	Пластик-Центр
330479	4690231007280	Ящик для инструментов пц3733 16.5 Grand	344013	Инструменты (folder)/Ящик для инструментов	309375	ООО Пи энд Си
330480	4690231007303	Ящик для инструментов пц3735 22.5 Grand	344013	Инструменты (folder)/Ящик для инструментов	309375	ООО Пи энд Си
545758	4607016811789	Ящик для инструментов с12250	344013	Инструменты (folder)/Ящик для инструментов	0	
545759	4607016815367	Ящик для инструментов с12260	344013	Инструменты (folder)/Ящик для инструментов	0	
545754	4607023590981	Ящик для инструментов титан 18inch с коробками	344013	Инструменты (folder)/Ящик для инструментов	0	
1980068	4607023590974	Ящик для инструментов титан 21inch с секциями	344013	Инструменты (folder)/Ящик для инструментов	0	
545762	4607023590929	Ящик для инструментов титан18 м2932	344013	Инструменты (folder)/Ящик для инструментов	0	
545763	4620002021047	Ящик для инструментов16 20200	344013	Инструменты (folder)/Ящик для инструментов	0	
1712981	8718158027757	Ящик для ключей 19x25.1x6.7см	1	Неклассифицированные/default	0	
180127	4005546103730	Ящик для ключей настенный 302x280 x 118мм на 18 ключей c 6-ю брелками в комплекте закрывается на ключ серебристый металлик	539687	Галантерея (folder)/Ключницы	65635	Durable
278355	4005546103761	Ящик для ключей настенный 302x400 x 118мм на 48 ключей c 6-ю брелками в комплекте два отделения закрывается на ключ серебристый	539687	Галантерея (folder)/Ключницы	65635	Durable
180129	4005546103778	Ящик для ключей настенный 302x400 x 118мм на 72 ключа c 6-ю брелками в комплекте два отделения закрывается на ключ серебристый	539687	Галантерея (folder)/Ключницы	65635	Durable
1346805	4606800033895	Ящик для крепежа (органайзер) stels (31x25 x50)	1	Неклассифицированные/default	0	
1346806	4690335001962	Ящик для крепежа (органайзер) двухсторон кф, 32 секции (29.5x22 x7.6)	1	Неклассифицированные/default	0	
2765665	8404880656418	Ящик для крепежа (органайзер) прозрачный 10inch (27.5x18.5x4.2см)	1831951	Строительные и отделочные материалы (folder)/Товары для ремонта	0	
307797	5902062791634	Ящик для крепежа topex (органайзер) 36x25 x5.5см (79R163)	303859	Инструменты (folder)/Транспортировка и складирование	306818	TOPEX
1346807	8404880656555	Ящик для крепежа, 14inch., черный	1	Неклассифицированные/default	0	
1346808	3253922903011	Ящик для мастерской 43x29 x37 арт 02903	3536	Хозяйственные товары (folder)/Хозяйственные товары	0	
1346809	3253922910002	Ящик для мастерской 46x20 x40 арт 02910	3536	Хозяйственные товары (folder)/Хозяйственные товары	0	
1712982	6948743231043	Ящик для мелочей 35x27 x 9см/макст/36	3536	Хозяйственные товары (folder)/Хозяйственные товары	0	
330504	5701922202675	Ящик для мелочей hobbi с крышкой большой	3536	Хозяйственные товары (folder)/Хозяйственные товары	310441	Пласт Тим
545764	5706773202485	Ящик для мелочей twin 2024двой.малый 290x220 x70	1	Неклассифицированные/default	0	
545765	8007633990076	Ящик для мелочей мал. хобби 17x24.5x 27см	1	Неклассифицированные/default	0	
2505991	6906967020003	Ящик для метизов 25x16 x 13см м450	344013	Инструменты (folder)/Ящик для инструментов	0	
241557	4607084478877	Ящик для метизов альтернатива 250x160 x130	3536	Хозяйственные товары (folder)/Хозяйственные товары	149661	АЛЬТЕРНАТИВА
241558	4607084479072	Ящик для метизов альтернатива 335x225 x170	3536	Хозяйственные товары (folder)/Хозяйственные товары	149661	АЛЬТЕРНАТИВА
1346810	4811221000337	Ящик для овощей 550x360 x255	3536	Хозяйственные товары (folder)/Хозяйственные товары	0	
1346811	4811221000320	Ящик для овощей 600x400 x282	3536	Хозяйственные товары (folder)/Хозяйственные товары	0	
1346812	4811221004526	Ящик для овощей 600x400 x282 с кр	3536	Хозяйственные товары (folder)/Хозяйственные товары	0	
871449	4820006403355	Ящик для пищевый продуктов тип 1 гм	1	Неклассифицированные/default	0	
545767	4824004019082	Ящик для подвесных файлов 380x365 x 265мм, металл черный	1	Неклассифицированные/default	445184	BUROMAX
545768	4607116630471	Ящик для рассады 10x20 x 45см	561877	Растениеводство/Товары для садоводства	0	
2505992	4623720907167	Ящик для рассады 14x 36см	561877	Растениеводство/Товары для садоводства	0	
2505993	4623720907174	Ящик для рассады 15x 50см	561877	Растениеводство/Товары для садоводства	0	
2505994	4607061981307	Ящик для рассады 16 ячеек	561877	Растениеводство/Товары для садоводства	0	
2505995	4607084471694	Ящик для рассады 160x250 x 85мм м087	561877	Растениеводство/Товары для садоводства	0	
1726297	4660006140269	Ящик для рассады 380x190 x100/интерм/30	561877	Растениеводство/Товары для садоводства	0	
1726298	4660006140276	Ящик для рассады 420x210 x100/интерм/30	561877	Растениеводство/Товары для садоводства	0	
1346813	4811221005363	Ящик для рассады 500x220 x 90мм 13	561877	Растениеводство/Товары для садоводства	0	
1726300	4660006140306	Ящик для рассады 640x140 x100/интерм/30	561877	Растениеводство/Товары для садоводства	0	
1821067	4607049782018	Ящик для рассады martika 40см колор	561877	Растениеводство/Товары для садоводства	0	
1821068	4607049781356	Ящик для рассады martika 40см мрам.	561877	Растениеводство/Товары для садоводства	0	
1821069	4607049781363	Ящик для рассады martika 40см терр.	561877	Растениеводство/Товары для садоводства	0	
673721	4607084491197	Ящик для рассады альтернатива 410x185 x90 2сорт	561877	Растениеводство/Товары для садоводства	149661	АЛЬТЕРНАТИВА
2505996	4623720907099	Ящик для рассады Люкс 45x20 x10	561877	Растениеводство/Товары для садоводства	0	
330505	4607116630068	Ящик для рассады прямоуг /20 (тэ) Россия	561877	Растениеводство/Товары для садоводства	0	
1726299	4660006140597	Ящик для рассады с перегородками 480x240 x70/интерм/30	561877	Растениеводство/Товары для садоводства	0	
2505997	4623720907105	Ящик для рассады урожай-1 40x20 x10	561877	Растениеводство/Товары для садоводства	0	
2505998	4623720907112	Ящик для рассады урожай-2 45x21 x10	561877	Растениеводство/Товары для садоводства	0	
2505999	4623720907129	Ящик для рассады урожай-3 50x20 x10	561877	Растениеводство/Товары для садоводства	0	
2506000	4623720907136	Ящик для рассады урожай-4 40x26 x10	561877	Растениеводство/Товары для садоводства	0	
2506001	4623720907143	Ящик для рассады урожай-5 50x15 x10	561877	Растениеводство/Товары для садоводства	0	
2506002	4623720907150	Ящик для рассады урожай-6 45x21 x9.5	561877	Растениеводство/Товары для садоводства	0	
1346814	4607049784371	Ящик для растений фелиция мрамор 40см с поддоном	1	Неклассифицированные/default	0	
871450	4750701180674	Ящик для снастей №2 400x195 x210 90кг	562237	Спорт и отдых (folder)/Рыбалка (folder)/Рыбалка	0	
2952702	6948743410875	Ящик для хранен.без крыш.31x34 x29.5см 4p-108.хаузманн	1	Неклассифицированные/default	0	
2765666	4690231137680	Ящик для хранения 12л optima bq2571	1	Неклассифицированные/default	0	
871451	4607016814582	Ящик для хранения 2л	3536	Хозяйственные товары (folder)/Хозяйственные товары	0	
871452	8711295882876	Ящик для хранения 30x20 x15 cm	3536	Хозяйственные товары (folder)/Хозяйственные товары	0	
871452	8711295882869	Ящик для хранения 30x20 x15 cm	3536	Хозяйственные товары (folder)/Хозяйственные товары	0	
871453	3253925000229	Ящик для хранения 30л	3536	Хозяйственные товары (folder)/Хозяйственные товары	0	
330506	4690231015094	Ящик для хранения 395x175 x 155мм	3536	Хозяйственные товары (folder)/Хозяйственные товары	309375	ООО Пи энд Си
2274332	4690462337965	Ящик для хранения 40.5x28 x 30см	3536	Хозяйственные товары (folder)/Хозяйственные товары	2255494	GULLIVER (Дерево)
2952703	6948743101292	Ящик для хранения 43x27 x 27см 4f-101b.хаузманн	1	Неклассифицированные/default	0	
2952704	6948743102299	Ящик для хранения 43x54 x 18см 4f-102b.хаузманн	1	Неклассифицированные/default	0	
871454	4607016814599	Ящик для хранения 5л	3536	Хозяйственные товары (folder)/Хозяйственные товары	0	
871455	3253924701158	Ящик для хранения deco's cars 23л	3536	Хозяйственные товары (folder)/Хозяйственные товары	0	
871455	5996093322196	Ящик для хранения deco's cars 23л	3536	Хозяйственные товары (folder)/Хозяйственные товары	0	
871456	3253924701127	Ящик для хранения deco's winne 23л	3536	Хозяйственные товары (folder)/Хозяйственные товары	0	
871456	5907753215499	Ящик для хранения deco's winne 23л	3536	Хозяйственные товары (folder)/Хозяйственные товары	0	
330509	4690231019832	Ящик для хранения x-Box 12.5л лего	3536	Хозяйственные товары (folder)/Хозяйственные товары	309375	ООО Пи энд Си
330510	4690231019818	Ящик для хранения x-Box 7.5л лего	3536	Хозяйственные товары (folder)/Хозяйственные товары	309375	ООО Пи энд Си
2506003	8711295149467	Ящик для хранения быт.из.48x35 x 24 (0350	3536	Хозяйственные товары (folder)/Хозяйственные товары	0	
2506004	8711295534041	Ящик для хранения быт.изд.на кол.(0050	3536	Хозяйственные товары (folder)/Хозяйственные товары	0	
1346815	4607146490403	Ящик для хранения вензель склад.я-202 арт де лис	3536	Хозяйственные товары (folder)/Хозяйственные товары	1260240	Арт де Лис
1346816	4607146490380	Ящик для хранения вензель склад.я-212 арт де лис	3536	Хозяйственные товары (folder)/Хозяйственные товары	1260240	Арт де Лис
330511	4690290198134	Ящик для хранения мелочей 8.5л	3536	Хозяйственные товары (folder)/Хозяйственные товары	309375	ООО Пи энд Си
736776	4601532809022	Ящик для хранения мелочей школа, 6.5л, (в18*ш31*г 20см), пластик, с дополн. вкладышем, син,4380902	3536	Хозяйственные товары (folder)/Хозяйственные товары	145147	Полимербыт
2506005	8022621059054	Ящик для хранения мя-14 сирень 25x14 xh10 гифт лэнд	3536	Хозяйственные товары (folder)/Хозяйственные товары	1242086	Гифт
2506006	8022621059047	Ящик для хранения мя-14 уютный дом 25x14 xh10 гифт лэнд	3536	Хозяйственные товары (folder)/Хозяйственные товары	1242086	Гифт
871459	4607023590820	Ящик для хранения обуви большой, (в13*ш38*г 20.5см), прозрачный, м2869	3536	Хозяйственные товары (folder)/Хозяйственные товары	555296	М-Пластик
871460	4607023590813	Ящик для хранения обуви малый, (в 10.5*ш32*г 19см), прозрачный, м2868	3536	Хозяйственные товары (folder)/Хозяйственные товары	555296	М-Пластик
330515	3253920032034	Ящик для хранения оптима 15л (прозрачн/голубой/серебристый)	3536	Хозяйственные товары (folder)/Хозяйственные товары	311922	Curver CHEF HOME
330513	3253920033031	Ящик для хранения оптима 30л (прозрачн/голубой/серебристый)	3536	Хозяйственные товары (folder)/Хозяйственные товары	311922	Curver CHEF HOME
330514	3253920031006	Ящик для хранения оптима 5л (прозрачн/голубой/серебристый)	3536	Хозяйственные товары (folder)/Хозяйственные товары	311922	Curver CHEF HOME
315829	4601532008104	Ящик для хранения универсальный 10л, (в190*ш355*г 235см),пластик,крышка с ручкой,на защел,син,4381000	3536	Хозяйственные товары (folder)/Хозяйственные товары	145147	Полимербыт
871461	4607023590707	Ящик для хранения универсальный 14л, крышка на защелках, (в 17.8*ш 42.7*г 28.9см), прозрачный, м2866	3536	Хозяйственные товары (folder)/Хозяйственные товары	0	
736771	4601532008111	Ящик для хранения универсальный 15л, (в420*ш260*г 220см),пластик,крышка с ручкой,на защел,син,4381100	3536	Хозяйственные товары (folder)/Хозяйственные товары	145147	Полимербыт
871462	4607023590714	Ящик для хранения универсальный 25л, крышка на защелках, (в24*ш 48.4*г 32см), прозрачный, м2867	3536	Хозяйственные товары (folder)/Хозяйственные товары	0	
330519	4601532480016	Ящик для хранения универсальный 43л, (в25*ш47*г 37см), пластик,2отсека для мелочей в крышке,син,4348001	3536	Хозяйственные товары (folder)/Хозяйственные товары	145147	Полимербыт
241560	4601532004700	Ящик для хранения универсальный 65л, (в20*ш74*г 44см), пластик, подкроватный, на колесах, сер,4347000	3536	Хозяйственные товары (folder)/Хозяйственные товары	145147	Полимербыт
871463	4607016814605	Ящик для хранения универсальный Кристалл 18л (в17*ш40.5*г 33.5см) прозрачный, 4312493	3536	Хозяйственные товары (folder)/Хозяйственные товары	0	
871464	4607016814612	Ящик для хранения универсальный Кристалл 9л, (в8.50*ш40*г 33.5см) прозрачный, 4312494	3536	Хозяйственные товары (folder)/Хозяйственные товары	0	
871465	4607016815084	Ящик для хранения универсальный, на колесах, (г60*в36*ш 40см), прозрачный, цветные крышки, 4312443 	3536	Хозяйственные товары (folder)/Хозяйственные товары	0	
871466	4690290009980	Ящик для хранения штабелируемый 30л, (в17*ш60*г 40см), цвет синий, pt9959	3536	Хозяйственные товары (folder)/Хозяйственные товары	0	
871467	4690290001687	Ящик для хранения штабелируемый 60л, (в60*ш40*г 34см), цвет синий, pt9954	3536	Хозяйственные товары (folder)/Хозяйственные товары	0	
871468	4811221000542	Ящик для цветов	561877	Растениеводство/Товары для садоводства	0	
2506007	4607084475937	Ящик для цветов 550x150 x 125мм м304	561877	Растениеводство/Товары для садоводства	0	
553015	5907749902617	Ящик для цветов верона 261-00	561877	Растениеводство/Товары для садоводства	304865	PLAFOR
170182	4605196002782	Ящик для цветов ламела терракот. 100см	561877	Растениеводство/Товары для садоводства	0	
170183	4605196000559	Ящик для цветов ламела терракот. 40см	561877	Растениеводство/Товары для садоводства	555296	М-Пластик
142757	4605196000535	Ящик для цветов ламела терракот. 60см	561877	Растениеводство/Товары для садоводства	555296	М-Пластик
170184	4605196000542	Ящик для цветов ламела терракот. 80см	561877	Растениеводство/Товары для садоводства	0	
330516	4607168310369	Ящик для цветов м черный	561877	Растениеводство/Товары для садоводства	310447	ООО Инвис-К
2274333	8022621058941	Ящик для цветов моя семья мя-14 гифтхом	561877	Растениеводство/Товары для садоводства	1242086	Гифт
608663	4630004770034	Ящик для цветов настенный ing1433f 40x22 x 15см	561877	Растениеводство/Товары для садоводства	0	
241559	4601532001198	Ящик для цветов с поддоном l=200 (с119)/63шт	561877	Растениеводство/Товары для садоводства	145147	Полимербыт
871469	4630008240243	Ящик для цветов черный 19x44 (средний) Ижевск	561877	Растениеводство/Товары для садоводства	0	
1346818	4811221000344	Ящик для яг. фруктов	3536	Хозяйственные товары (folder)/Хозяйственные товары	0	
1980069	6953888564413	Ящик металлический 284x160 x78 матрикс 906055	1	Неклассифицированные/default	0	
871470	8404880656623	Ящик пластик 65606	41797	Инструменты (folder)/Инструмент	0	
871471	8412497033607	Ящик пластик на колесах 26л	3536	Хозяйственные товары (folder)/Хозяйственные товары	0	
871472	8412497033706	Ящик пластик на колесах диз 1	3536	Хозяйственные товары (folder)/Хозяйственные товары	0	
1712983	4690231069141	Ящик пластиковый для инструмента gw - 6618	41797	Инструменты (folder)/Инструмент	0	
2765667	4607084508475	Ящик пм 385x255 x210 универсальн раскладной м1834 альтерн 15шт	1	Неклассифицированные/default	0	
1346817	4607084475913	Ящик пм для цветов с под. (360x150 x125) арт (м303) 15шт	561877	Растениеводство/Товары для садоводства	0	
142758	5024160172556	Ящик почтовый гардман сталь 17255	3536	Хозяйственные товары (folder)/Хозяйственные товары	53315	Гардман
2274334	4606066172642	Ящик почтовый декор летняя поляна 30.3x33.5x11.8см металл	2228248	Растениеводство/Садовые предметы интерьера	1202308	Виллаж Пипл
2274335	4606066172635	Ящик почтовый декор сова 37x16.5x 38см металл	2228248	Растениеводство/Садовые предметы интерьера	1202308	Виллаж Пипл
2506008	1308326035225	Ящик почтовый с замком белоптторг	1	Неклассифицированные/default	0	
2765668	4660001171329	Ящик почтовый синий (индивидуальный) металлический	1	Неклассифицированные/default	0	
871473	4811614000203	Ящик почтовый тип2 (с замком)	1	Неклассифицированные/default	0	
330517	5706773227006	Ящик Премиум со складной крышкой малый	3536	Хозяйственные товары (folder)/Хозяйственные товары	310441	Пласт Тим
330518	5706773227105	Ящик Премиум со складной крышкой средний	3536	Хозяйственные товары (folder)/Хозяйственные товары	310441	Пласт Тим
1980070	4811221009125	Ящик прямоуг 11.5л	1	Неклассифицированные/default	0	
871474	4811221000351	Ящик прямоуг 11л 16	1	Неклассифицированные/default	0	
2506009	4605196015805	Ящик ротанг 280x185 x 126мм беж	1	Неклассифицированные/default	0	
2506010	4605196015751	Ящик ротанг 280x185 x 126мм бел	1	Неклассифицированные/default	0	
2765669	4605196015768	Ящик ротанг 280x185 x 126мм кор	1	Неклассифицированные/default	0	
2506011	4605196015812	Ящик ротанг 370x280 x 190мм беж	1	Неклассифицированные/default	0	
2506012	4605196015775	Ящик ротанг 370x280 x 190мм бел	1	Неклассифицированные/default	0	
2506013	4605196015782	Ящик ротанг 370x280 x 190мм кор	1	Неклассифицированные/default	0	
871475	8691459475000	Ящик с крышкой 12л	3536	Хозяйственные товары (folder)/Хозяйственные товары	0	
871476	4607136500136	Ящик с крышкой 16л	3536	Хозяйственные товары (folder)/Хозяйственные товары	0	
871477	4607097620034	Ящик с крышкой 18л	3536	Хозяйственные товары (folder)/Хозяйственные товары	0	
871478	4607136500235	Ящик с крышкой 36л	3536	Хозяйственные товары (folder)/Хозяйственные товары	0	
871480	3253920972286	Ящик с крышкой на пружине малы	3536	Хозяйственные товары (folder)/Хозяйственные товары	0	
1841513	4607097620041	Ящик с крышкой подкроватный на колесах 36л	3536	Хозяйственные товары (folder)/Хозяйственные товары	0	
871481	4607164314323	Ящик с лотком и органайзером kroft 13inch	1	Неклассифицированные/default	0	
871482	4607164314330	Ящик с лотком и органайзером kroft 16inch	1	Неклассифицированные/default	0	
871483	4607164314347	Ящик с лотком и органайзером kroft 19inch	1	Неклассифицированные/default	0	
1822235	4607097620027	Ящик с нижним поливом 12л	561877	Растениеводство/Товары для садоводства	0	
1822236	4607097620010	Ящик с нижним поливом l40 8л	561877	Растениеводство/Товары для садоводства	0	
1346819	4607055286203	Ящик с понижающим трансформатором ятп-0.25 220/24b-0 36 ухл4 ip31 (шт.)	1	Неклассифицированные/default	0	
1346820	4607055286227	Ящик с понижающим трансформатором ятп-0.25 220/42b-0 36 ухл4 ip31 (шт.)	1	Неклассифицированные/default	0	
871484	4811221004427	Ящик с ручками 40л	1	Неклассифицированные/default	0	
871485	4811244004190	Ящик сборный беросси (фиолетов)	1	Неклассифицированные/default	0	
871487	4607016812502	Ящик складной 32л	3536	Хозяйственные товары (folder)/Хозяйственные товары	0	
871486	8711295622625	Ящик складной 32л #2	3536	Хозяйственные товары (folder)/Хозяйственные товары	0	
871488	4260108073870	Ящик складной 32л пластик	3536	Хозяйственные товары (folder)/Хозяйственные товары	0	
871489	4260108070978	Ящик складной текстиль 107097	3536	Хозяйственные товары (folder)/Хозяйственные товары	0	
871490	4260108070985	Ящик складной тестиль 107098	3536	Хозяйственные товары (folder)/Хозяйственные товары	0	
170185	5901110272804	Ящик складной хоз 84120	3536	Хозяйственные товары (folder)/Хозяйственные товары	0	
871491	4690231059869	Ящик Смешарики для хран 57л	3536	Хозяйственные товары (folder)/Хозяйственные товары	0	
871492	4690231059944	Ящик Смешарики для хранения	3536	Хозяйственные товары (folder)/Хозяйственные товары	0	
871492	4690231059906	Ящик Смешарики для хранения	3536	Хозяйственные товары (folder)/Хозяйственные товары	0	
2765670	4690645003090	Ящик универсал uni 12-03 (284x157 x122.5)	1	Неклассифицированные/default	0	
2765671	4690645000624	Ящик универсал uni 16-01 (411x182 x172)	1	Неклассифицированные/default	0	
2765672	4690645006787	Ящик универсал uni 16-05 (411x182 x172) с вставкой	1	Неклассифицированные/default	0	
2765673	4690645002154	Ящик универсал uni 19-01 (495x245 x183)	1	Неклассифицированные/default	0	
871493	4607016814629	Ящик универсальный 2л 190x15	3536	Хозяйственные товары (folder)/Хозяйственные товары	0	
1346821	4607016812632	Ящик универсальный 4312281	3536	Хозяйственные товары (folder)/Хозяйственные товары	0	
2765674	4650055581670	Ящик универсальный каскад 1шт	1	Неклассифицированные/default	0	
871494	4607016814643	Ящик универсальный Кристалл 18	3536	Хозяйственные товары (folder)/Хозяйственные товары	0	
871495	4607016814636	Ящик универсальный Кристалл 5л	3536	Хозяйственные товары (folder)/Хозяйственные товары	0	
871496	4607016814650	Ящик универсальный Кристалл 9л	3536	Хозяйственные товары (folder)/Хозяйственные товары	0	
2506014	4680014231018	Ящик универсальный с аппикацией 9л 4312816400	1	Неклассифицированные/default	0	
2506015	4623720907037	Ящик феерия-1 30x15 x13 с поддоном	1	Неклассифицированные/default	0	
2506016	4623720907051	Ящик феерия-2 32x18 x14.5 с поддоном	1	Неклассифицированные/default	0	
2506017	4623720907075	Ящик феерия-3 38x19 x15 с поддоном	1	Неклассифицированные/default	0	
871497	4607016812113	Ящик хобби 430x340 x180	3536	Хозяйственные товары (folder)/Хозяйственные товары	0	
1346823	4607016812236	Ящик хобби б/ крышки 330x230 x160 #2	3536	Хозяйственные товары (folder)/Хозяйственные товары	0	
1346824	4607016812267	Ящик хобби с крышкой 430x340 x180	3536	Хозяйственные товары (folder)/Хозяйственные товары	0	
1346825	4607016812304	Ящик хобби с крышкой 430x340 x240	3536	Хозяйственные товары (folder)/Хозяйственные товары	0	
871498	4811221000375	Ящик хозяйственный 12л	1	Неклассифицированные/default	0	
871499	4607127275180	Ящик хозяйственный 600x400 x170	3536	Хозяйственные товары (folder)/Хозяйственные товары	0	
871499	4605244020799	Ящик хозяйственный 600x400 x170	3536	Хозяйственные товары (folder)/Хозяйственные товары	0	
871500	4607127275197	Ящик хозяйственный 600x400 x300	3536	Хозяйственные товары (folder)/Хозяйственные товары	0	
170186	4601532300017	Ящик хозяйственный полимербыт 600x400 x170 на колесах	3536	Хозяйственные товары (folder)/Хозяйственные товары	145147	Полимербыт
170187	4601532301014	Ящик хозяйственный полимербыт 600x400 x300 на колесах	3536	Хозяйственные товары (folder)/Хозяйственные товары	145147	Полимербыт
1346826	4811221004601	Ящик хозяйственный с крышкой 12л	3536	Хозяйственные товары (folder)/Хозяйственные товары	0	
871501	4810344033499	Ящик цветочный №2	310878	Растениеводство/Горшок цветочный	0	
871502	4810344035974	Ящик цветочный №3 l-1000мм	310878	Растениеводство/Горшок цветочный	0	
871503	4810344036001	Ящик цветочный №4 l-800мм	310878	Растениеводство/Горшок цветочный	0	
871504	4607055286241	Ящик щмп-2-0 74 у2 ip54 500x400 x220 ИЭК	1	Неклассифицированные/default	0	
1346827	4606056024319	Ящик щурв-3-30мзо белый (шт.)	1	Неклассифицированные/default	0	
1346828	4606056024388	Ящик щурв-3-48мз белый (шт.)	1	Неклассифицированные/default	0	
1346829	4606056024463	Ящик щурв-3-48мзо белый (шт.)	1	Неклассифицированные/default	0	
1841514	4781044635637	Ящики для фруктов/овощей 1 ярус	3536	Хозяйственные товары (folder)/Хозяйственные товары	0	
871508	8711295882852	Ящики для хранения 40x30 x20 cm	3536	Хозяйственные товары (folder)/Хозяйственные товары	0	
1848852	4009847096814	Ящики с фруктами/овощами 9681 (ассорт.9)/Klein	1	Неклассифицированные/default	0	
1712984	4606224089102	Ящики тумбы-креденции приоритет (640414), комплект 3шт, ноче милано, к-927, ш/к89102	1	Неклассифицированные/default	0	
1960163	4894001515108	Ё-ёжик (12см) арт.51510	1	Неклассифицированные/default	0	
1960164	4894001521635	Ё-ёжик арт.52163 28см	1	Неклассифицированные/default	0	
2230204	4894001521659	Ё-ёжик арт.52165 гусеница 15см	980	Игрушки (folder)/Игрушки	2013655	1Toy
1960165	4894001521680	Ё-ёжик арт.52168 фрисби 17см	1	Неклассифицированные/default	0	
1960166	4894001545686	Ё-ёжик арт.54568 животное 6см	1	Неклассифицированные/default	0	
1960167	4894001562324	Ё-ёжик арт.56232 злая птица 8см со светом /24	1	Неклассифицированные/default	0	
2432966	4894001565615	Ё-ёжик арт.56561 злая птица 10см со светом /24	1	Неклассифицированные/default	0	
2432971	3760145061102	Ёжик интерактивный ежкины сказки арт.16558 (расказ. 56 историй) (звук и свет.)	1	Неклассифицированные/default	0	
2230229	6949731000948	Ёжик уф-уф, 24см 14-73954	980	Игрушки (folder)/Игрушки	2014304	МЯГКАЯ ИГРУШКА GULLIVER
2230230	6949731000641	Ёжик уф-уф, 40см 14-74417	1	Неклассифицированные/default	0	
2725404	6908578804300	Ёлка USB cbr ny 073, 4 порта, многоцветная подсветка	36619	Сувениры и подарки (folder)/Сувениры и подарки	2722505	CBR
2230273	9789660846722	Ёлочка - новогодняя россыпь	2013976	Полиграфия (folder)/Книги/пазлы/раскраски	0	
2432990	4690488022333	Ёлочная игрушка Космос шарик, матовый. led питание: 3 х lr44. размер: 8см kocnl-el102_w	1	Неклассифицированные/default	0	
2432991	4690488022326	Ёлочная игрушка Космос шарик. мерцающие светодиоды, праздничная музыкыка. питание: 3 х lr44. размер: 8.5см kocnl-el102_music	1	Неклассифицированные/default	0	
2861954	460704978638	Ёмкость для лимона люмици арт.с589	1	Неклассифицированные/default	0	
2861955	4607049786030	Ёмкость для луковицы люмици арт.с588	1	Неклассифицированные/default	0	
708001	8693395002838	Ёмкость для продуктов (лук, чеснок, лимон) l-283 72шт	1	Неклассифицированные/default	0	
2725437	4627084474112	Ёмкость пм 0.5л изюминка маки м2115 альтерн 30шт	1	Неклассифицированные/default	0	
2725438	4627084474174	Ёмкость пм 0.5л изюминка ягоды м2118 альтерн 30шт	1	Неклассифицированные/default	0	
2725440	4627084474136	Ёмкость пм 0.7л изюминка маки м2116 альтерн 22шт	1	Неклассифицированные/default	0	
2725441	4627084474198	Ёмкость пм 0.7л изюминка ягоды м2119 альтерн 22шт	1	Неклассифицированные/default	0	
2725445	4607084490039	Ёмкость пм 5л с ручкой пэт м955 альтерн 10шт	1	Неклассифицированные/default	0	
2433129	4627102509734	Ёрш пм для унитаза плетёнка с подстав голуб м4465 альтерн 20шт	1	Неклассифицированные/default	0	
2861968	4630030960454	Ёрш унитазный с подставкой колокольчик	1	Неклассифицированные/default	0	
2861970	4630030960799	Ёршик унитазный с подставкой пирамида	1	Неклассифицированные/default	0	
2861971	4630030961031	Ёршик унитазный с подставкой стандарт	1	Неклассифицированные/default	0	
2818633	4607022886399	№1 горбуша соломка копч/вял фас пакет 40г 40шт	1	Неклассифицированные/default	0	
2818634	4607022886313	№11 семга брюшки х/к вак уп 100г 25шт зт	1	Неклассифицированные/default	0	
2818635	4607022886610	№13 соломка копч/вял из фарша горбуши 50г вак уп зт 40шт	1	Неклассифицированные/default	0	
2818636	4607022886627	№14 соломка копч/вял из фарша горбуши х/к 50г вак уп зт 40шт	1	Неклассифицированные/default	0	
2818637	4607022886382	№2 горбуша соломка копч/вял вак уп 100г зт	1	Неклассифицированные/default	0	
2818638	4607022886757	№21 кальмар щупальца копченые вак уп 60г зт	1	Неклассифицированные/default	0	
2818639	4607022886856	№23 щука соломка вяленая вак уп 60г зт	1	Неклассифицированные/default	0	
2818642	4607022886412	№3 кета соломка копч/вял вак уп 100г зт	1	Неклассифицированные/default	0	
2818644	4607022887150	№36 мойва пласт вяленая вак уп зт	1	Неклассифицированные/default	0	
2818645	4607022886436	№5 набор к пиву х/к вак уп из лосос (теша) 100г зт	1	Неклассифицированные/default	0	
2818646	4607022886375	№6 горбуша теша-кусок х/к вак уп 100г зт	1	Неклассифицированные/default	0	
2818647	4607022886368	№7 горбуша балык х/к вак уп 100г зт	1	Неклассифицированные/default	0	
